{
  "model": "esmm_dcnv2",
  "feature_source": "joined",
  "split": "train",
  "rows": 799742,
  "epochs": 2,
  "hash_size": 1048576,
  "embedding_dim": 16,
  "avg_loss": 0.29206386369980786,
  "device": "cuda",
  "ctr_loss_weight": 1.0,
  "ctcvr_loss_weight": 1.0,
  "ctcvr_positive_weight": 100.0,
  "valid_rows": 100129,
  "valid_clicks": 4513,
  "valid_conversions": 29,
  "valid_ctcvr_positives": 27,
  "valid_click_rate": 0.04507185730407774,
  "valid_conversion_rate": 0.00028962638196726226,
  "valid_ctr_auc": 0.5996128238951077,
  "valid_ctr_log_loss": 0.20301401441752082,
  "valid_ctcvr_auc": 0.5546995768020323,
  "valid_ctcvr_log_loss": 0.024985241449215354,
  "valid_clicked_rows": 4513,
  "valid_clicked_conversions": 27,
  "valid_cvr_auc_on_clicked": 0.4712438698172091,
  "valid_cvr_log_loss_on_clicked": 0.19901489575153705,
  "checkpoint_output": "D:\\Ali-CCP\\models\\esmm_dcnv2_stage04_500k_posw100.pt"
}
