{
  "model": "esmm_dcnv2",
  "feature_source": "joined",
  "split": "train",
  "rows": 159756,
  "epochs": 2,
  "hash_size": 1048576,
  "embedding_dim": 16,
  "avg_loss": 0.24765195216588137,
  "device": "cuda",
  "valid_rows": 20122,
  "valid_clicks": 845,
  "valid_conversions": 8,
  "valid_ctcvr_positives": 7,
  "valid_click_rate": 0.04199383759069675,
  "valid_conversion_rate": 0.00039757479375807575,
  "valid_ctr_auc": 0.6040910267102501,
  "valid_ctr_log_loss": 0.18294354387394235,
  "valid_ctcvr_auc": 0.6084975675579702,
  "valid_ctcvr_log_loss": 0.00391176846854701,
  "valid_clicked_rows": 845,
  "valid_clicked_conversions": 7,
  "valid_cvr_auc_on_clicked": 0.5276167746334811,
  "valid_cvr_log_loss_on_clicked": 0.06197936261338347,
  "checkpoint_output": "D:\\Ali-CCP\\models\\esmm_dcnv2_stage04_100k_w1.pt"
}
