{
  "model": "esmm_dcnv2",
  "feature_source": "joined",
  "split": "train",
  "rows": 200000,
  "epochs": 2,
  "hash_size": 1048576,
  "embedding_dim": 16,
  "avg_loss": 0.4177722795152664,
  "device": "cuda",
  "valid_rows": 100000,
  "valid_clicks": 4507,
  "valid_conversions": 29,
  "valid_ctcvr_positives": 27,
  "valid_click_rate": 0.04507,
  "valid_conversion_rate": 0.00029,
  "valid_ctr_auc": 0.5022314593826986,
  "valid_ctr_log_loss": 0.1959098160981005,
  "valid_ctcvr_auc": 0.5778426841913984,
  "valid_ctcvr_log_loss": 0.0028596288219269583,
  "valid_clicked_rows": 4507,
  "valid_clicked_conversions": 27,
  "valid_cvr_auc_on_clicked": 0.5781167328042328,
  "valid_cvr_log_loss_on_clicked": 0.04147187741311723,
  "checkpoint_output": "D:\\Ali-CCP\\models\\esmm_dcnv2_stage04_500k_w5.pt"
}
