{
  "model": "esmm_dcnv2",
  "feature_source": "joined",
  "split": "train",
  "rows": 799742,
  "epochs": 2,
  "hash_size": 1048576,
  "embedding_dim": 16,
  "avg_loss": 0.2580727033271458,
  "device": "cuda",
  "valid_rows": 100129,
  "valid_clicks": 4513,
  "valid_conversions": 29,
  "valid_ctcvr_positives": 27,
  "valid_click_rate": 0.04507185730407774,
  "valid_conversion_rate": 0.00028962638196726226,
  "valid_ctr_auc": 0.623049224280978,
  "valid_ctr_log_loss": 0.18387092810241176,
  "valid_ctcvr_auc": 0.5344611459274503,
  "valid_ctcvr_log_loss": 0.0033432115279392084,
  "valid_clicked_rows": 4513,
  "valid_clicked_conversions": 27,
  "valid_cvr_auc_on_clicked": 0.49370882250953585,
  "valid_cvr_log_loss_on_clicked": 0.05058124003519215,
  "checkpoint_output": "D:\\Ali-CCP\\models\\esmm_dcnv2_stage04_500k_full_w5.pt"
}
